{"v":"5.6.8","fr":60,"ip":0,"op":285,"w":375,"h":667,"nm":"kpg","ddd":0,"assets":[{"id":"image_0","w":1366,"h":768,"u":"images/","p":"img_0.png","e":0},{"id":"image_1","w":1366,"h":768,"u":"images/","p":"img_1.png","e":0},{"id":"image_2","w":1366,"h":768,"u":"images/","p":"img_2.png","e":0},{"id":"image_3","w":1366,"h":768,"u":"images/","p":"img_3.png","e":0},{"id":"image_4","w":1366,"h":768,"u":"images/","p":"img_4.png","e":0},{"id":"image_5","w":1366,"h":768,"u":"images/","p":"img_5.png","e":0},{"id":"image_6","w":1366,"h":768,"u":"images/","p":"img_6.png","e":0},{"id":"comp_0","layers":[{"ddd":0,"ind":1,"ty":0,"nm":"logo","refId":"comp_1","sr":0.5,"ks":{"o":{"a":0,"k":100,"ix":11},"r":{"a":0,"k":0,"ix":10},"p":{"a":0,"k":[400,259,0],"ix":2},"a":{"a":0,"k":[683,384,0],"ix":1},"s":{"a":0,"k":[100,100,100],"ix":6}},"ao":0,"w":1366,"h":768,"ip":0,"op":300,"st":0,"bm":0}]},{"id":"comp_1","layers":[{"ddd":0,"ind":1,"ty":2,"nm":"n","refId":"image_0","sr":1,"ks":{"o":{"a":0,"k":100,"ix":11},"r":{"a":0,"k":0,"ix":10},"p":{"a":0,"k":[789,458,0],"ix":2},"a":{"a":0,"k":[683,384,0],"ix":1},"s":{"a":0,"k":[100,100,100],"ix":6}},"ao":0,"hasMask":true,"masksProperties":[{"inv":false,"mode":"n","pt":{"a":0,"k":{"i":[[0,0],[0,-6.75],[0,-5],[0,0],[-3,9.25],[-2,4.75],[-4,-9.75],[0.5,-6],[-1,-6.5],[-2.5,-2]],"o":[[0,0],[0,6.75],[0,5],[0,0],[3,-9.25],[2,-4.75],[4,9.75],[-0.5,6],[1,6.5],[2.5,2]],"v":[[800.25,244.5],[797.75,270.75],[795.75,299],[795.5,319.5],[801.75,293.75],[809.5,272.25],[820.999,266],[821.749,290.25],[820.249,310.5],[827.499,324.5]],"c":false},"ix":1},"o":{"a":0,"k":100,"ix":3},"x":{"a":0,"k":0,"ix":4},"nm":"Mask 1"}],"ef":[{"ty":22,"nm":"Stroke","np":13,"mn":"ADBE Stroke","ix":1,"en":1,"ef":[{"ty":10,"nm":"Path","mn":"ADBE Stroke-0001","ix":1,"v":{"a":0,"k":1,"ix":1}},{"ty":7,"nm":"All Masks","mn":"ADBE Stroke-0010","ix":2,"v":{"a":0,"k":0,"ix":2}},{"ty":7,"nm":"Stroke Sequentially","mn":"ADBE Stroke-0011","ix":3,"v":{"a":0,"k":1,"ix":3}},{"ty":2,"nm":"Color","mn":"ADBE Stroke-0002","ix":4,"v":{"a":0,"k":[1,1,1,1],"ix":4}},{"ty":0,"nm":"Brush Size","mn":"ADBE Stroke-0003","ix":5,"v":{"a":0,"k":3.9,"ix":5}},{"ty":0,"nm":"Brush Hardness","mn":"ADBE Stroke-0004","ix":6,"v":{"a":0,"k":0.75,"ix":6}},{"ty":0,"nm":"Opacity","mn":"ADBE Stroke-0005","ix":7,"v":{"a":0,"k":1,"ix":7}},{"ty":0,"nm":"Start","mn":"ADBE Stroke-0008","ix":8,"v":{"a":0,"k":0,"ix":8}},{"ty":0,"nm":"End","mn":"ADBE Stroke-0009","ix":9,"v":{"a":1,"k":[{"i":{"x":[0.833],"y":[0.833]},"o":{"x":[0.167],"y":[0.167]},"t":380,"s":[5]},{"t":420,"s":[99]}],"ix":9}},{"ty":7,"nm":"Spacing","mn":"ADBE Stroke-0006","ix":10,"v":{"a":0,"k":15,"ix":10}},{"ty":7,"nm":"Paint Style","mn":"ADBE Stroke-0007","ix":11,"v":{"a":0,"k":3,"ix":11}}]}],"ip":380,"op":592,"st":380,"bm":0},{"ddd":0,"ind":2,"ty":2,"nm":"oo 2","refId":"image_1","sr":1,"ks":{"o":{"a":0,"k":100,"ix":11},"r":{"a":0,"k":0,"ix":10},"p":{"a":0,"k":[1164.5,460,0],"ix":2},"a":{"a":0,"k":[683,384,0],"ix":1},"s":{"a":0,"k":[100,100,100],"ix":6}},"ao":0,"hasMask":true,"masksProperties":[{"inv":false,"mode":"n","pt":{"a":0,"k":{"i":[[0,0],[0,-8.375],[-5.125,-4.5],[-3.125,4.625],[-0.625,8.875],[3.25,3.75],[6,-4.625],[-1.375,-2.875],[-6.875,1.125],[-1.75,1],[4.875,-7.625],[-4.125,-4.25],[-3.875,6.125],[-0.25,8.875],[2.75,3.5],[5.25,-4.625],[-0.125,-7.125],[-2,-3.5],[0,0]],"o":[[0,0],[0,8.375],[5.125,4.5],[3.125,-4.625],[0.625,-8.875],[-3.25,-3.75],[-6,4.625],[1.375,2.875],[6.875,-1.125],[1.75,-1],[-4.875,7.625],[4.287,4.417],[3.875,-6.125],[0.25,-8.875],[-2.75,-3.5],[-5.25,4.625],[0.125,7.125],[2,3.5],[0,0]],"v":[[346.75,276.75],[341.25,293.5],[345.75,317.875],[360.25,313.625],[368.75,288.5],[366.625,266.5],[354.375,264.125],[351.125,279.25],[364.875,284.5],[379.125,278.625],[381.499,283.25],[383.624,317.375],[397.624,314.125],[407.749,286.25],[405,265.875],[393.625,264.25],[388.5,277.375],[391.625,297.875],[395.625,303.25]],"c":false},"ix":1},"o":{"a":0,"k":100,"ix":3},"x":{"a":0,"k":0,"ix":4},"nm":"Mask 1"}],"ef":[{"ty":22,"nm":"Stroke","np":13,"mn":"ADBE Stroke","ix":1,"en":1,"ef":[{"ty":10,"nm":"Path","mn":"ADBE Stroke-0001","ix":1,"v":{"a":0,"k":1,"ix":1}},{"ty":7,"nm":"All Masks","mn":"ADBE Stroke-0010","ix":2,"v":{"a":0,"k":0,"ix":2}},{"ty":7,"nm":"Stroke Sequentially","mn":"ADBE Stroke-0011","ix":3,"v":{"a":0,"k":1,"ix":3}},{"ty":2,"nm":"Color","mn":"ADBE Stroke-0002","ix":4,"v":{"a":0,"k":[1,1,1,1],"ix":4}},{"ty":0,"nm":"Brush Size","mn":"ADBE Stroke-0003","ix":5,"v":{"a":0,"k":3,"ix":5}},{"ty":0,"nm":"Brush Hardness","mn":"ADBE Stroke-0004","ix":6,"v":{"a":0,"k":0.75,"ix":6}},{"ty":0,"nm":"Opacity","mn":"ADBE Stroke-0005","ix":7,"v":{"a":0,"k":1,"ix":7}},{"ty":0,"nm":"Start","mn":"ADBE Stroke-0008","ix":8,"v":{"a":0,"k":0,"ix":8}},{"ty":0,"nm":"End","mn":"ADBE Stroke-0009","ix":9,"v":{"a":1,"k":[{"i":{"x":[0.833],"y":[0.833]},"o":{"x":[0.167],"y":[0.167]},"t":317,"s":[0]},{"t":388,"s":[100]}],"ix":9}},{"ty":7,"nm":"Spacing","mn":"ADBE Stroke-0006","ix":10,"v":{"a":0,"k":15,"ix":10}},{"ty":7,"nm":"Paint Style","mn":"ADBE Stroke-0007","ix":11,"v":{"a":0,"k":3,"ix":11}}]}],"ip":317,"op":585,"st":200,"bm":0},{"ddd":0,"ind":3,"ty":2,"nm":"p","refId":"image_2","sr":1,"ks":{"o":{"a":0,"k":100,"ix":11},"r":{"a":0,"k":0,"ix":10},"p":{"a":0,"k":[788.674,459,0],"ix":2},"a":{"a":0,"k":[683,384,0],"ix":1},"s":{"a":0,"k":[100,100,100],"ix":6}},"ao":0,"hasMask":true,"masksProperties":[{"inv":false,"mode":"n","pt":{"a":0,"k":{"i":[[0,0],[0,-5.75],[0,-6.5],[0.25,-6.5],[0,-0.5],[0,0],[-1.25,8.75],[-1.381,8.287],[-1.564,5.293],[-5.75,4.75],[-1.999,-8.75],[2.25,-8.25],[6.75,-4],[2.375,-1.25]],"o":[[0,0],[0,5.75],[0,6.5],[-0.25,6.5],[0,0.5],[0,0],[0.649,-4.54],[1.281,-7.685],[3.25,-11],[5.75,-4.75],[1.999,8.75],[-2.25,8.25],[-6.75,4],[-2.375,1.25]],"v":[[670.5,248],[668.25,295.25],[666.25,337.25],[664.5,376.5],[662.5,414.25],[662.75,418],[670.25,329],[673.399,308.067],[677.75,287.25],[689.001,258],[705.251,255.5],[704.5,280],[691.75,302.5],[675.375,308.875]],"c":false},"ix":1},"o":{"a":0,"k":100,"ix":3},"x":{"a":0,"k":0,"ix":4},"nm":"Mask 1"}],"ef":[{"ty":22,"nm":"Stroke","np":13,"mn":"ADBE Stroke","ix":1,"en":1,"ef":[{"ty":10,"nm":"Path","mn":"ADBE Stroke-0001","ix":1,"v":{"a":0,"k":1,"ix":1}},{"ty":7,"nm":"All Masks","mn":"ADBE Stroke-0010","ix":2,"v":{"a":0,"k":0,"ix":2}},{"ty":7,"nm":"Stroke Sequentially","mn":"ADBE Stroke-0011","ix":3,"v":{"a":0,"k":1,"ix":3}},{"ty":2,"nm":"Color","mn":"ADBE Stroke-0002","ix":4,"v":{"a":0,"k":[1,1,1,1],"ix":4}},{"ty":0,"nm":"Brush Size","mn":"ADBE Stroke-0003","ix":5,"v":{"a":0,"k":4,"ix":5}},{"ty":0,"nm":"Brush Hardness","mn":"ADBE Stroke-0004","ix":6,"v":{"a":0,"k":0.75,"ix":6}},{"ty":0,"nm":"Opacity","mn":"ADBE Stroke-0005","ix":7,"v":{"a":0,"k":1,"ix":7}},{"ty":0,"nm":"Start","mn":"ADBE Stroke-0008","ix":8,"v":{"a":0,"k":0,"ix":8}},{"ty":0,"nm":"End","mn":"ADBE Stroke-0009","ix":9,"v":{"a":1,"k":[{"i":{"x":[0.833],"y":[0.833]},"o":{"x":[0.167],"y":[0.167]},"t":264,"s":[2]},{"t":326,"s":[100]}],"ix":9}},{"ty":7,"nm":"Spacing","mn":"ADBE Stroke-0006","ix":10,"v":{"a":0,"k":15,"ix":10}},{"ty":7,"nm":"Paint Style","mn":"ADBE Stroke-0007","ix":11,"v":{"a":0,"k":3,"ix":11}}]}],"ip":264,"op":594,"st":264,"bm":0},{"ddd":0,"ind":4,"ty":2,"nm":"sign","refId":"image_3","sr":1,"ks":{"o":{"a":0,"k":100,"ix":11},"r":{"a":0,"k":0,"ix":10},"p":{"a":0,"k":[787.651,459,0],"ix":2},"a":{"a":0,"k":[683,384,0],"ix":1},"s":{"a":0,"k":[100,100,100],"ix":6}},"ao":0,"hasMask":true,"masksProperties":[{"inv":false,"mode":"n","pt":{"a":0,"k":{"i":[[0,0],[2.25,-7.5],[4.75,-6],[6,-2.75],[4.75,0.5],[1,5],[-4.25,6.5],[-6,3.5],[-4.5,1.5],[0,0]],"o":[[0,0],[-2.25,7.5],[-4.75,6],[-6,2.75],[-4.75,-0.5],[-1,-5],[4.25,-6.5],[6,-3.5],[4.5,-1.5],[0,0]],"v":[[632.5,296.75],[633,313],[622.75,335.5],[606.25,350.75],[590.5,355.25],[578.5,346.75],[580.75,324.5],[598.25,305],[614.75,296.25],[625.5,293.5]],"c":false},"ix":1},"o":{"a":0,"k":100,"ix":3},"x":{"a":0,"k":0,"ix":4},"nm":"Mask 1"}],"ef":[{"ty":22,"nm":"Stroke","np":13,"mn":"ADBE Stroke","ix":1,"en":1,"ef":[{"ty":10,"nm":"Path","mn":"ADBE Stroke-0001","ix":1,"v":{"a":0,"k":1,"ix":1}},{"ty":7,"nm":"All Masks","mn":"ADBE Stroke-0010","ix":2,"v":{"a":0,"k":0,"ix":2}},{"ty":7,"nm":"Stroke Sequentially","mn":"ADBE Stroke-0011","ix":3,"v":{"a":0,"k":1,"ix":3}},{"ty":2,"nm":"Color","mn":"ADBE Stroke-0002","ix":4,"v":{"a":0,"k":[1,1,1,1],"ix":4}},{"ty":0,"nm":"Brush Size","mn":"ADBE Stroke-0003","ix":5,"v":{"a":0,"k":3.4,"ix":5}},{"ty":0,"nm":"Brush Hardness","mn":"ADBE Stroke-0004","ix":6,"v":{"a":0,"k":0.75,"ix":6}},{"ty":0,"nm":"Opacity","mn":"ADBE Stroke-0005","ix":7,"v":{"a":0,"k":1,"ix":7}},{"ty":0,"nm":"Start","mn":"ADBE Stroke-0008","ix":8,"v":{"a":0,"k":0,"ix":8}},{"ty":0,"nm":"End","mn":"ADBE Stroke-0009","ix":9,"v":{"a":1,"k":[{"i":{"x":[0.833],"y":[0.833]},"o":{"x":[0.167],"y":[0.167]},"t":231,"s":[1]},{"t":271,"s":[100]}],"ix":9}},{"ty":7,"nm":"Spacing","mn":"ADBE Stroke-0006","ix":10,"v":{"a":0,"k":15,"ix":10}},{"ty":7,"nm":"Paint Style","mn":"ADBE Stroke-0007","ix":11,"v":{"a":0,"k":3,"ix":11}}]}],"ip":231,"op":589,"st":-102,"bm":0},{"ddd":0,"ind":5,"ty":2,"nm":"s","refId":"image_4","sr":1,"ks":{"o":{"a":0,"k":100,"ix":11},"r":{"a":0,"k":0,"ix":10},"p":{"a":0,"k":[786.64,458,0],"ix":2},"a":{"a":0,"k":[683,384,0],"ix":1},"s":{"a":0,"k":[100,100,100],"ix":6}},"ao":0,"hasMask":true,"masksProperties":[{"inv":false,"mode":"n","pt":{"a":0,"k":{"i":[[0,0],[4,6.25],[14.75,-1.25],[7.75,-7],[0.25,-12.5],[-9.75,-12.75],[-3.75,-5],[-1.375,-6.875],[3.5,-10.75],[13.25,-8],[9.25,1],[0.75,5.25],[-4.75,8.5],[-7.75,5],[-7.25,2.5],[0,0]],"o":[[0,0],[-4,-6.25],[-14.75,1.25],[-7.75,7],[-0.25,12.5],[9.75,12.75],[3.75,5],[1.435,7.177],[-3.5,10.75],[-13.25,8],[-9.25,-1],[-0.75,-5.25],[4.75,-8.5],[7.75,-5],[7.25,-2.5],[0,0]],"v":[[656.36,187.5],[658.36,164],[635.61,150.75],[600.61,162.75],[583.86,190.5],[598.11,227.25],[630.985,266],[641.985,288.75],[642.36,320],[619.36,356.25],[588.86,365.75],[568.36,350],[572.11,325.25],[596.11,296.75],[628.11,281],[658.86,274.25]],"c":false},"ix":1},"o":{"a":0,"k":100,"ix":3},"x":{"a":0,"k":0,"ix":4},"nm":"Mask 1"}],"ef":[{"ty":22,"nm":"Stroke","np":13,"mn":"ADBE Stroke","ix":1,"en":1,"ef":[{"ty":10,"nm":"Path","mn":"ADBE Stroke-0001","ix":1,"v":{"a":0,"k":1,"ix":1}},{"ty":7,"nm":"All Masks","mn":"ADBE Stroke-0010","ix":2,"v":{"a":0,"k":0,"ix":2}},{"ty":7,"nm":"Stroke Sequentially","mn":"ADBE Stroke-0011","ix":3,"v":{"a":0,"k":1,"ix":3}},{"ty":2,"nm":"Color","mn":"ADBE Stroke-0002","ix":4,"v":{"a":0,"k":[1,1,1,1],"ix":4}},{"ty":0,"nm":"Brush Size","mn":"ADBE Stroke-0003","ix":5,"v":{"a":0,"k":4.4,"ix":5}},{"ty":0,"nm":"Brush Hardness","mn":"ADBE Stroke-0004","ix":6,"v":{"a":0,"k":0.75,"ix":6}},{"ty":0,"nm":"Opacity","mn":"ADBE Stroke-0005","ix":7,"v":{"a":0,"k":1,"ix":7}},{"ty":0,"nm":"Start","mn":"ADBE Stroke-0008","ix":8,"v":{"a":0,"k":0,"ix":8}},{"ty":0,"nm":"End","mn":"ADBE Stroke-0009","ix":9,"v":{"a":1,"k":[{"i":{"x":[0.833],"y":[0.833]},"o":{"x":[0.167],"y":[0.167]},"t":192,"s":[0]},{"t":271,"s":[100]}],"ix":9}},{"ty":7,"nm":"Spacing","mn":"ADBE Stroke-0006","ix":10,"v":{"a":0,"k":15,"ix":10}},{"ty":7,"nm":"Paint Style","mn":"ADBE Stroke-0007","ix":11,"v":{"a":0,"k":3,"ix":11}}]}],"ip":192,"op":598,"st":192,"bm":0},{"ddd":0,"ind":6,"ty":2,"nm":"d","refId":"image_5","sr":1,"ks":{"o":{"a":0,"k":100,"ix":11},"r":{"a":0,"k":0,"ix":10},"p":{"a":0,"k":[901.233,460,0],"ix":2},"a":{"a":0,"k":[683,384,0],"ix":1},"s":{"a":0,"k":[100,100,100],"ix":6}},"ao":0,"hasMask":true,"masksProperties":[{"inv":false,"mode":"n","pt":{"a":0,"k":{"i":[[0,0],[3.875,-4.125],[2,-8.375],[-0.75,-6.375],[-5.375,2.875],[-2.125,4.25],[-2,6.125],[-1.375,5.625],[-1,6.375],[1,4.25],[5.125,-8.125],[1,-7.375],[1.25,-8.75],[0.625,-8.5],[0,-6],[-1.75,-8.125],[-9.5,-7.5]],"o":[[0,0],[-3.876,4.125],[-2,8.375],[0.75,6.375],[5.375,-2.875],[2.125,-4.25],[2,-6.125],[1.375,-5.625],[1,-6.375],[-1,-4.25],[-5.125,8.125],[-1,7.375],[-1.25,8.75],[-0.625,8.5],[0,6],[1.75,8.125],[9.5,7.5]],"v":[[444.5,261.25],[434.376,261.375],[421.375,283.375],[418.125,307.5],[428.25,316.25],[445.875,291.125],[456.25,264],[467.25,226],[474.25,193.875],[476.375,169.375],[466.375,165.875],[455.125,200],[449.5,236.375],[446.875,270.75],[444.625,317.375],[446.875,350.75],[458.375,374.875]],"c":false},"ix":1},"o":{"a":0,"k":100,"ix":3},"x":{"a":0,"k":0,"ix":4},"nm":"Mask 1"}],"ef":[{"ty":22,"nm":"Stroke","np":13,"mn":"ADBE Stroke","ix":1,"en":1,"ef":[{"ty":10,"nm":"Path","mn":"ADBE Stroke-0001","ix":1,"v":{"a":0,"k":1,"ix":1}},{"ty":7,"nm":"All Masks","mn":"ADBE Stroke-0010","ix":2,"v":{"a":0,"k":0,"ix":2}},{"ty":7,"nm":"Stroke Sequentially","mn":"ADBE Stroke-0011","ix":3,"v":{"a":0,"k":1,"ix":3}},{"ty":2,"nm":"Color","mn":"ADBE Stroke-0002","ix":4,"v":{"a":0,"k":[1,1,1,1],"ix":4}},{"ty":0,"nm":"Brush Size","mn":"ADBE Stroke-0003","ix":5,"v":{"a":0,"k":3.5,"ix":5}},{"ty":0,"nm":"Brush Hardness","mn":"ADBE Stroke-0004","ix":6,"v":{"a":0,"k":0.75,"ix":6}},{"ty":0,"nm":"Opacity","mn":"ADBE Stroke-0005","ix":7,"v":{"a":0,"k":1,"ix":7}},{"ty":0,"nm":"Start","mn":"ADBE Stroke-0008","ix":8,"v":{"a":0,"k":0,"ix":8}},{"ty":0,"nm":"End","mn":"ADBE Stroke-0009","ix":9,"v":{"a":1,"k":[{"i":{"x":[0.833],"y":[0.833]},"o":{"x":[0.167],"y":[0.167]},"t":128,"s":[0]},{"t":205,"s":[100]}],"ix":9}},{"ty":7,"nm":"Spacing","mn":"ADBE Stroke-0006","ix":10,"v":{"a":0,"k":15,"ix":10}},{"ty":7,"nm":"Paint Style","mn":"ADBE Stroke-0007","ix":11,"v":{"a":0,"k":3,"ix":11}}]}],"ip":128,"op":600,"st":128,"bm":0},{"ddd":0,"ind":7,"ty":2,"nm":"oo","refId":"image_1","sr":1,"ks":{"o":{"a":0,"k":100,"ix":11},"r":{"a":0,"k":0,"ix":10},"p":{"a":0,"k":[902.5,459,0],"ix":2},"a":{"a":0,"k":[683,384,0],"ix":1},"s":{"a":0,"k":[100,100,100],"ix":6}},"ao":0,"hasMask":true,"masksProperties":[{"inv":false,"mode":"n","pt":{"a":0,"k":{"i":[[0,0],[0,-8.375],[-5.125,-4.5],[-3.125,4.625],[-0.625,8.875],[3.25,3.75],[6,-4.625],[-1.375,-2.875],[-6.875,1.125],[-1.75,1],[4.875,-7.625],[-4.125,-4.25],[-3.875,6.125],[-0.25,8.875],[2.75,3.5],[5.25,-4.625],[-0.125,-7.125],[-2,-3.5],[0,0]],"o":[[0,0],[0,8.375],[5.125,4.5],[3.125,-4.625],[0.625,-8.875],[-3.25,-3.75],[-6,4.625],[1.375,2.875],[6.875,-1.125],[1.75,-1],[-4.875,7.625],[4.287,4.417],[3.875,-6.125],[0.25,-8.875],[-2.75,-3.5],[-5.25,4.625],[0.125,7.125],[2,3.5],[0,0]],"v":[[346.75,276.75],[341.25,293.5],[345.75,317.875],[360.25,313.625],[368.75,288.5],[366.625,266.5],[354.375,264.125],[351.125,279.25],[364.875,284.5],[379.125,278.625],[381.499,283.25],[383.624,317.375],[397.624,314.125],[407.749,286.25],[405,265.875],[393.625,264.25],[388.5,277.375],[391.625,297.875],[395.625,303.25]],"c":false},"ix":1},"o":{"a":0,"k":100,"ix":3},"x":{"a":0,"k":0,"ix":4},"nm":"Mask 1"}],"ef":[{"ty":22,"nm":"Stroke","np":13,"mn":"ADBE Stroke","ix":1,"en":1,"ef":[{"ty":10,"nm":"Path","mn":"ADBE Stroke-0001","ix":1,"v":{"a":0,"k":1,"ix":1}},{"ty":7,"nm":"All Masks","mn":"ADBE Stroke-0010","ix":2,"v":{"a":0,"k":0,"ix":2}},{"ty":7,"nm":"Stroke Sequentially","mn":"ADBE Stroke-0011","ix":3,"v":{"a":0,"k":1,"ix":3}},{"ty":2,"nm":"Color","mn":"ADBE Stroke-0002","ix":4,"v":{"a":0,"k":[1,1,1,1],"ix":4}},{"ty":0,"nm":"Brush Size","mn":"ADBE Stroke-0003","ix":5,"v":{"a":0,"k":3,"ix":5}},{"ty":0,"nm":"Brush Hardness","mn":"ADBE Stroke-0004","ix":6,"v":{"a":0,"k":0.75,"ix":6}},{"ty":0,"nm":"Opacity","mn":"ADBE Stroke-0005","ix":7,"v":{"a":0,"k":1,"ix":7}},{"ty":0,"nm":"Start","mn":"ADBE Stroke-0008","ix":8,"v":{"a":0,"k":0,"ix":8}},{"ty":0,"nm":"End","mn":"ADBE Stroke-0009","ix":9,"v":{"a":1,"k":[{"i":{"x":[0.833],"y":[0.833]},"o":{"x":[0.167],"y":[0.167]},"t":68,"s":[0]},{"t":139,"s":[100]}],"ix":9}},{"ty":7,"nm":"Spacing","mn":"ADBE Stroke-0006","ix":10,"v":{"a":0,"k":15,"ix":10}},{"ty":7,"nm":"Paint Style","mn":"ADBE Stroke-0007","ix":11,"v":{"a":0,"k":3,"ix":11}}]}],"ip":68,"op":624,"st":-49,"bm":0},{"ddd":0,"ind":8,"ty":2,"nm":"w","refId":"image_6","sr":1,"ks":{"o":{"a":0,"k":100,"ix":11},"r":{"a":0,"k":0,"ix":10},"p":{"a":0,"k":[901.5,458,0],"ix":2},"a":{"a":0,"k":[683,384,0],"ix":1},"s":{"a":0,"k":[100,100,100],"ix":6}},"ao":0,"hasMask":true,"masksProperties":[{"inv":false,"mode":"n","pt":{"a":0,"k":{"i":[[0,0],[1.501,-11.75],[1,-13],[0.25,-11],[-2.5,-8.5],[-4.25,0.25],[-3.5,9],[0,0],[-1,3.75],[-0.75,-26],[0,0],[-4,-9.75],[-6,7.25],[-3,10],[-4.75,19.5],[-2.25,15],[0.5,10.5],[0,0]],"o":[[0,0],[-1.5,11.75],[-1,13],[-0.25,11],[2.5,8.5],[4.25,-0.25],[3.5,-9],[0,0],[1,-3.75],[0.75,26],[0,0],[4,9.75],[6,-7.25],[3,-10],[4.75,-19.5],[2.25,-15],[-0.5,-10.5],[0,0]],"v":[[227,170.75],[219,201.75],[214,244.25],[212.5,296.5],[214.75,342.25],[222.75,359.75],[238.5,334.5],[254.5,285.75],[267,246],[279.25,233.75],[279.25,293.25],[283.75,337],[296.75,343.75],[312.5,312],[326.5,259.75],[339.25,191.75],[344,142.5],[340,122]],"c":false},"ix":1},"o":{"a":0,"k":100,"ix":3},"x":{"a":0,"k":0,"ix":4},"nm":"Mask 1"}],"ef":[{"ty":22,"nm":"Stroke","np":13,"mn":"ADBE Stroke","ix":1,"en":1,"ef":[{"ty":10,"nm":"Path","mn":"ADBE Stroke-0001","ix":1,"v":{"a":0,"k":1,"ix":1}},{"ty":7,"nm":"All Masks","mn":"ADBE Stroke-0010","ix":2,"v":{"a":0,"k":0,"ix":2}},{"ty":7,"nm":"Stroke Sequentially","mn":"ADBE Stroke-0011","ix":3,"v":{"a":0,"k":1,"ix":3}},{"ty":2,"nm":"Color","mn":"ADBE Stroke-0002","ix":4,"v":{"a":0,"k":[1,1,1,1],"ix":4}},{"ty":0,"nm":"Brush Size","mn":"ADBE Stroke-0003","ix":5,"v":{"a":1,"k":[{"i":{"x":[0.833],"y":[0.833]},"o":{"x":[0.167],"y":[0.167]},"t":36,"s":[10.4]},{"i":{"x":[0.833],"y":[0.833]},"o":{"x":[0.167],"y":[0.167]},"t":38,"s":[11.7]},{"i":{"x":[0.833],"y":[0.833]},"o":{"x":[0.167],"y":[0.167]},"t":41.635,"s":[5.2]},{"i":{"x":[0.833],"y":[0.833]},"o":{"x":[0.167],"y":[0.167]},"t":43.77,"s":[5.2]},{"t":44.837890625,"s":[10.4]}],"ix":5}},{"ty":0,"nm":"Brush Hardness","mn":"ADBE Stroke-0004","ix":6,"v":{"a":0,"k":0.75,"ix":6}},{"ty":0,"nm":"Opacity","mn":"ADBE Stroke-0005","ix":7,"v":{"a":0,"k":1,"ix":7}},{"ty":0,"nm":"Start","mn":"ADBE Stroke-0008","ix":8,"v":{"a":0,"k":0,"ix":8}},{"ty":0,"nm":"End","mn":"ADBE Stroke-0009","ix":9,"v":{"a":1,"k":[{"i":{"x":[0.833],"y":[0.833]},"o":{"x":[0.167],"y":[0.167]},"t":0,"s":[1]},{"t":79,"s":[100]}],"ix":9}},{"ty":7,"nm":"Spacing","mn":"ADBE Stroke-0006","ix":10,"v":{"a":0,"k":15,"ix":10}},{"ty":7,"nm":"Paint Style","mn":"ADBE Stroke-0007","ix":11,"v":{"a":0,"k":3,"ix":11}}]}],"ip":0,"op":600,"st":0,"bm":0}]}],"layers":[{"ddd":0,"ind":1,"ty":0,"nm":"_animation logo","refId":"comp_0","sr":1,"ks":{"o":{"a":0,"k":100,"ix":11},"r":{"a":0,"k":0,"ix":10},"p":{"a":0,"k":[187,196.5,0],"ix":2},"a":{"a":0,"k":[400,225,0],"ix":1},"s":{"a":0,"k":[50.667,50.667,100],"ix":6}},"ao":0,"w":800,"h":450,"ip":0,"op":285,"st":0,"bm":0},{"ddd":0,"ind":2,"ty":1,"nm":"Deep Cyan Solid 1","sr":1,"ks":{"o":{"a":0,"k":100,"ix":11},"r":{"a":0,"k":0,"ix":10},"p":{"a":0,"k":[187.5,333.5,0],"ix":2},"a":{"a":0,"k":[187.5,333.5,0],"ix":1},"s":{"a":0,"k":[100,100,100],"ix":6}},"ao":0,"sw":375,"sh":667,"sc":"#0097a3","ip":0,"op":285,"st":0,"bm":0}],"markers":[]}